{
    "params": {
        "ACTOR_LR": 1.7860238050853893e-05,
        "CRITIC_LR": 0.0008423216975585301,
        "ENTROPY_COEF_INIT": 0.026574115266508068,
        "ENTROPY_COEF_DECAY": 0.9983074757712322,
        "GAMMA": 0.9836113298440499,
        "LAMBDA": 0.9093882938142648,
        "KL_DIV_THRESHOLD": 0.008831288881607644,
        "BATCH_SIZE": 512,
        "CLIP_RATIO": 0.1456117046253091,
        "ENTROPY_COEF": 0.004948931992920958,
        "VALUE_LOSS_COEF": 0.553512416506442,
        "UPDATE_EPOCHS": 10,
        "MAX_GRAD_NORM": 0.4896602727715611
    },
    "reward": 317.016,
    "trial": 9,
    "episodes_to_best": 100
}