{
    "params": {
        "ACTOR_LR": 1.6701782631495525e-05,
        "CRITIC_LR": 0.00017190606209872305,
        "ENTROPY_COEF_INIT": 0.023664877762139363,
        "ENTROPY_COEF_DECAY": 0.9964843950614702,
        "GAMMA": 0.9905106073069626,
        "LAMBDA": 0.984911255958306,
        "KL_DIV_THRESHOLD": 0.0012681898746097582,
        "BATCH_SIZE": 1024,
        "CLIP_RATIO": 0.1803568060625774,
        "ENTROPY_COEF": 0.0033071383090414906,
        "VALUE_LOSS_COEF": 0.8886407136535257,
        "UPDATE_EPOCHS": 8,
        "MAX_GRAD_NORM": 0.2753118235189901
    },
    "reward": 84.79,
    "trial": 4,
    "episodes_to_best": 53
}