{
    "params": {
        "ACTOR_LR": 1.6122422761252186e-05,
        "CRITIC_LR": 0.0008940118725525204,
        "ENTROPY_COEF_INIT": 0.012193010611747913,
        "ENTROPY_COEF_DECAY": 0.9989039288892945,
        "GAMMA": 0.9800586170446401,
        "LAMBDA": 0.9000548046309063,
        "KL_DIV_THRESHOLD": 0.007095213886836505,
        "BATCH_SIZE": 1024,
        "CLIP_RATIO": 0.17193185497075938,
        "ENTROPY_COEF": 0.009444080485693326,
        "VALUE_LOSS_COEF": 0.6209396860933862,
        "UPDATE_EPOCHS": 10,
        "MAX_GRAD_NORM": 0.3987447194721078
    },
    "reward": 337.84,
    "trial": 11,
    "episodes_to_best": 128
}