{
    "params": {
        "ACTOR_LR": 3.932419577653454e-05,
        "CRITIC_LR": 0.0009263979807261699,
        "ENTROPY_COEF_INIT": 0.06282473740253433,
        "ENTROPY_COEF_DECAY": 0.9903571028832836,
        "GAMMA": 0.9963313142078826,
        "LAMBDA": 0.9509705525657799,
        "KL_DIV_THRESHOLD": 0.0011645562361083297,
        "BATCH_SIZE": 512,
        "CLIP_RATIO": 0.10011789360782027,
        "ENTROPY_COEF": 0.008337591616514914,
        "VALUE_LOSS_COEF": 0.8538708390934426,
        "UPDATE_EPOCHS": 6,
        "MAX_GRAD_NORM": 0.18896520904780356
    },
    "reward": 81.32,
    "trial": 5
}