{
    "params": {
        "ACTOR_LR": 1.5436855791772143e-05,
        "CRITIC_LR": 0.0005851428104128978,
        "ENTROPY_COEF_INIT": 0.06293601082887973,
        "ENTROPY_COEF_DECAY": 0.9935461041576795,
        "GAMMA": 0.9988792748555319,
        "LAMBDA": 0.939672744594727,
        "KL_DIV_THRESHOLD": 0.004808638640178937,
        "BATCH_SIZE": 512,
        "CLIP_RATIO": 0.14530542063401802,
        "ENTROPY_COEF": 0.0010615938530399976,
        "VALUE_LOSS_COEF": 0.6563063221174157,
        "UPDATE_EPOCHS": 10,
        "MAX_GRAD_NORM": 0.3407235992438229
    },
    "reward": 361.996,
    "trial": 13,
    "episodes_to_best": 78
}