{
    "params": {
        "ACTOR_LR": 0.0008636075509198708,
        "CRITIC_LR": 1.8373947672965016e-05,
        "ENTROPY_COEF_INIT": 0.09463252652438006,
        "ENTROPY_COEF_DECAY": 0.9978524611712553,
        "GAMMA": 0.9813114895698064,
        "LAMBDA": 0.9039797467396653,
        "KL_DIV_THRESHOLD": 0.00638378776083279,
        "BATCH_SIZE": 512,
        "CLIP_RATIO": 0.22589917076005797,
        "ENTROPY_COEF": 0.007423185521844269,
        "VALUE_LOSS_COEF": 0.7565859303056807,
        "UPDATE_EPOCHS": 8,
        "MAX_GRAD_NORM": 0.29722151041659106
    },
    "reward": 25.48,
    "trial": 2,
    "episodes_to_best": 75
}