{
    "params": {
        "ACTOR_LR": 1.8923626199295642e-05,
        "CRITIC_LR": 0.00047553885667275326,
        "ENTROPY_COEF_INIT": 0.021827182958898114,
        "ENTROPY_COEF_DECAY": 0.994925682782163,
        "GAMMA": 0.9928249716032518,
        "LAMBDA": 0.9594360596246742,
        "KL_DIV_THRESHOLD": 0.006991641564384263,
        "BATCH_SIZE": 256,
        "CLIP_RATIO": 0.2650513605645627,
        "ENTROPY_COEF": 0.00549397922324656,
        "VALUE_LOSS_COEF": 0.5177571656200299,
        "UPDATE_EPOCHS": 4,
        "MAX_GRAD_NORM": 0.2271730335941221
    },
    "reward": 48.78,
    "trial": 1
}