{
    "params": {
        "ACTOR_LR": 0.0003545037981082229,
        "CRITIC_LR": 0.0007109055518599761,
        "ENTROPY_COEF_INIT": 0.07087194164994086,
        "ENTROPY_COEF_DECAY": 0.9978957105817678,
        "GAMMA": 0.9848324287122713,
        "LAMBDA": 0.9840604697673048,
        "KL_DIV_THRESHOLD": 0.003646533111535902,
        "BATCH_SIZE": 1024,
        "CLIP_RATIO": 0.2814825512259179,
        "ENTROPY_COEF": 0.00876146768244743,
        "VALUE_LOSS_COEF": 0.7445840448650529,
        "UPDATE_EPOCHS": 6,
        "MAX_GRAD_NORM": 0.11936687758483
    },
    "reward": 79.58,
    "trial": 1
}