{
    "params": {
        "ACTOR_LR": 0.00015695073625216497,
        "CRITIC_LR": 1.7470193525522813e-05,
        "ENTROPY_COEF_INIT": 0.03767080243723231,
        "ENTROPY_COEF_DECAY": 0.9911512453950605,
        "GAMMA": 0.9854202816865536,
        "LAMBDA": 0.9845760724687128,
        "KL_DIV_THRESHOLD": 0.003881057349482984,
        "BATCH_SIZE": 512,
        "CLIP_RATIO": 0.2528872445359328,
        "ENTROPY_COEF": 0.0024992122561128104,
        "VALUE_LOSS_COEF": 0.5175573710979409,
        "UPDATE_EPOCHS": 4,
        "MAX_GRAD_NORM": 0.4873497130420493
    },
    "reward": 79.62,
    "trial": 1,
    "episodes_to_best": 417
}