{
    "params": {
        "ACTOR_LR": 1.3050229680129301e-05,
        "CRITIC_LR": 3.061407513509833e-05,
        "ENTROPY_COEF_INIT": 0.09042115389654959,
        "ENTROPY_COEF_DECAY": 0.9984369788328095,
        "GAMMA": 0.9884462571714081,
        "LAMBDA": 0.9263246777353353,
        "KL_DIV_THRESHOLD": 0.002302056348857569,
        "BATCH_SIZE": 1024,
        "CLIP_RATIO": 0.12966641819529534,
        "ENTROPY_COEF": 0.003982980784443499,
        "VALUE_LOSS_COEF": 0.5104728517025228,
        "UPDATE_EPOCHS": 9,
        "MAX_GRAD_NORM": 0.4903181819385868
    },
    "reward": 28.71,
    "trial": 3,
    "episodes_to_best": 81
}