{
    "params": {
        "ACTOR_LR": 1.476165621747234e-05,
        "CRITIC_LR": 0.0004675314700920308,
        "ENTROPY_COEF_INIT": 0.05313675417647068,
        "ENTROPY_COEF_DECAY": 0.990157229460568,
        "GAMMA": 0.9989389864796832,
        "LAMBDA": 0.9471091189883829,
        "KL_DIV_THRESHOLD": 0.006196372675286041,
        "BATCH_SIZE": 512,
        "CLIP_RATIO": 0.15181958416702512,
        "ENTROPY_COEF": 0.007853431853034045,
        "VALUE_LOSS_COEF": 0.6615760351898516,
        "UPDATE_EPOCHS": 5,
        "MAX_GRAD_NORM": 0.11281953574175732
    },
    "reward": 91.8,
    "trial": 9
}