{
    "params": {
        "ACTOR_LR": 1.0251983067489025e-05,
        "CRITIC_LR": 0.0005795108146537333,
        "ENTROPY_COEF_INIT": 0.011701247491738545,
        "ENTROPY_COEF_DECAY": 0.9924503372652295,
        "GAMMA": 0.9803047427786649,
        "LAMBDA": 0.9839765444664473,
        "KL_DIV_THRESHOLD": 0.00443963010510794,
        "BATCH_SIZE": 256,
        "CLIP_RATIO": 0.14939318339180954,
        "ENTROPY_COEF": 0.005847407903928147,
        "VALUE_LOSS_COEF": 0.7814440806927178,
        "UPDATE_EPOCHS": 10,
        "MAX_GRAD_NORM": 0.36412267056639913
    },
    "reward": 73.88,
    "trial": 2
}