{
    "params": {
        "ACTOR_LR": 0.00015117640677242113,
        "CRITIC_LR": 0.000752374298619744,
        "ENTROPY_COEF_INIT": 0.09523625499769191,
        "ENTROPY_COEF_DECAY": 0.9932747212446179,
        "GAMMA": 0.9804271339325553,
        "LAMBDA": 0.90481203869586,
        "KL_DIV_THRESHOLD": 0.009605729273062,
        "BATCH_SIZE": 512,
        "CLIP_RATIO": 0.1775970294072772,
        "ENTROPY_COEF": 0.0022600630028481936,
        "VALUE_LOSS_COEF": 0.8490382262171703,
        "UPDATE_EPOCHS": 9,
        "MAX_GRAD_NORM": 0.1060259091420634
    },
    "reward": 80.48,
    "trial": 6,
    "episodes_to_best": 60
}