{
    "params": {
        "ACTOR_LR": 4.4533708074493084e-05,
        "CRITIC_LR": 1.8532949888000418e-05,
        "ENTROPY_COEF_INIT": 0.0816325815896308,
        "ENTROPY_COEF_DECAY": 0.9939630672665876,
        "GAMMA": 0.9850363152567239,
        "LAMBDA": 0.920063369687445,
        "KL_DIV_THRESHOLD": 0.008753148422251873,
        "BATCH_SIZE": 512,
        "CLIP_RATIO": 0.13234711408054659,
        "ENTROPY_COEF": 0.003750116346149837,
        "VALUE_LOSS_COEF": 0.8270364582531011,
        "UPDATE_EPOCHS": 5,
        "MAX_GRAD_NORM": 0.2778041824527789
    },
    "reward": 15.15,
    "trial": 1,
    "episodes_to_best": 91
}