{
    "params": {
        "ACTOR_LR": 0.0004336384892592659,
        "CRITIC_LR": 0.0004388351693214513,
        "ENTROPY_COEF_INIT": 0.04107526307838414,
        "ENTROPY_COEF_DECAY": 0.9921191685233208,
        "GAMMA": 0.993275785742782,
        "LAMBDA": 0.9036112758470941,
        "KL_DIV_THRESHOLD": 0.003799950392850924,
        "BATCH_SIZE": 1024,
        "CLIP_RATIO": 0.12116780736874613,
        "ENTROPY_COEF": 0.005268644774051414,
        "VALUE_LOSS_COEF": 0.7924454585985248,
        "UPDATE_EPOCHS": 4,
        "MAX_GRAD_NORM": 0.1043002082750872
    },
    "reward": 32.99,
    "trial": 2,
    "episodes_to_best": 98
}