{
    "params": {
        "ACTOR_LR": 0.0003637848065500062,
        "CRITIC_LR": 1.2565045629866706e-05,
        "ENTROPY_COEF_INIT": 0.0488111563849809,
        "ENTROPY_COEF_DECAY": 0.9955452516784518,
        "GAMMA": 0.9900295391610785,
        "LAMBDA": 0.9181384767856298,
        "KL_DIV_THRESHOLD": 0.006746232687276014,
        "BATCH_SIZE": 512,
        "CLIP_RATIO": 0.11541932164144558,
        "ENTROPY_COEF": 0.002835368574841829,
        "VALUE_LOSS_COEF": 0.7509977159147703,
        "UPDATE_EPOCHS": 10,
        "MAX_GRAD_NORM": 0.4864772622518869
    },
    "reward": 149.06,
    "trial": 8,
    "episodes_to_best": 26
}