{
    "params": {
        "ACTOR_LR": 3.590485130082476e-05,
        "CRITIC_LR": 0.00099026118519047,
        "ENTROPY_COEF_INIT": 0.05095585972676205,
        "ENTROPY_COEF_DECAY": 0.9915175222089524,
        "GAMMA": 0.9965634572946482,
        "LAMBDA": 0.9471295048315339,
        "KL_DIV_THRESHOLD": 0.0012263759725090057,
        "BATCH_SIZE": 512,
        "CLIP_RATIO": 0.1651046624067864,
        "ENTROPY_COEF": 0.008706720905791518,
        "VALUE_LOSS_COEF": 0.5100246417515462,
        "UPDATE_EPOCHS": 5,
        "MAX_GRAD_NORM": 0.1710397511858955
    },
    "reward": 106.43,
    "trial": 12
}