{
    "params": {
        "ACTOR_LR": 1.956836843580558e-05,
        "CRITIC_LR": 0.00040904389403176853,
        "ENTROPY_COEF_INIT": 0.07561296143897746,
        "ENTROPY_COEF_DECAY": 0.9944693240957841,
        "GAMMA": 0.9898087377089659,
        "LAMBDA": 0.9663689651382577,
        "KL_DIV_THRESHOLD": 0.008284840042189627,
        "BATCH_SIZE": 256,
        "CLIP_RATIO": 0.24491738511366978,
        "ENTROPY_COEF": 0.003153302619374039,
        "VALUE_LOSS_COEF": 0.942653626265149,
        "UPDATE_EPOCHS": 9,
        "MAX_GRAD_NORM": 0.4834181386718248
    },
    "reward": 122.53,
    "trial": 2
}