{
    "params": {
        "ACTOR_LR": 8.095915744768887e-05,
        "CRITIC_LR": 3.9058840159802776e-05,
        "ENTROPY_COEF_INIT": 0.031031160562752125,
        "ENTROPY_COEF_DECAY": 0.9939032319612777,
        "GAMMA": 0.9879593657150281,
        "LAMBDA": 0.9325700464581473,
        "KL_DIV_THRESHOLD": 0.008393505485112678,
        "BATCH_SIZE": 512,
        "CLIP_RATIO": 0.12439247638404319,
        "ENTROPY_COEF": 0.007185811735319591,
        "VALUE_LOSS_COEF": 0.8291799990580679,
        "UPDATE_EPOCHS": 6,
        "MAX_GRAD_NORM": 0.14631798379932126
    },
    "reward": 14.73,
    "trial": 1
}