{
    "params": {
        "ACTOR_LR": 0.0009489910857619441,
        "CRITIC_LR": 4.243156064377977e-05,
        "ENTROPY_COEF_INIT": 0.0610470200398168,
        "ENTROPY_COEF_DECAY": 0.9904896806264674,
        "GAMMA": 0.9892592688884861,
        "LAMBDA": 0.9455212407107518,
        "KL_DIV_THRESHOLD": 0.0032040833184160972,
        "BATCH_SIZE": 512,
        "CLIP_RATIO": 0.2738530750110205,
        "ENTROPY_COEF": 0.0023266676007359342,
        "VALUE_LOSS_COEF": 0.6161886273856665,
        "UPDATE_EPOCHS": 10,
        "MAX_GRAD_NORM": 0.47148725471308994
    },
    "reward": 26.56,
    "trial": 1
}