{
    "params": {
        "ACTOR_LR": 1.1215814007678833e-05,
        "CRITIC_LR": 0.0009998111162189838,
        "ENTROPY_COEF_INIT": 0.06908062346058064,
        "ENTROPY_COEF_DECAY": 0.9929517389412272,
        "GAMMA": 0.996420827807604,
        "LAMBDA": 0.9494741448395959,
        "KL_DIV_THRESHOLD": 0.004415079765511886,
        "BATCH_SIZE": 512,
        "CLIP_RATIO": 0.1453757166856949,
        "ENTROPY_COEF": 0.0022696673466482916,
        "VALUE_LOSS_COEF": 0.6547964636351437,
        "UPDATE_EPOCHS": 9,
        "MAX_GRAD_NORM": 0.24822730011843236
    },
    "reward": 362.222,
    "trial": 15,
    "episodes_to_best": 82
}