{
    "params": {
        "ACTOR_LR": 1.306985029121602e-05,
        "CRITIC_LR": 0.0009885670695658627,
        "ENTROPY_COEF_INIT": 0.09882968961775343,
        "ENTROPY_COEF_DECAY": 0.9900032383229407,
        "GAMMA": 0.9838000390513,
        "LAMBDA": 0.9783851165035984,
        "KL_DIV_THRESHOLD": 0.0016380704996329606,
        "BATCH_SIZE": 512,
        "CLIP_RATIO": 0.16452790770397388,
        "ENTROPY_COEF": 0.002793426210207212,
        "VALUE_LOSS_COEF": 0.5140018916554121,
        "UPDATE_EPOCHS": 7,
        "MAX_GRAD_NORM": 0.3826008473758746
    },
    "reward": 110.13,
    "trial": 13,
    "episodes_to_best": 97
}