{
    "params": {
        "ACTOR_LR": 0.0001111134330178536,
        "CRITIC_LR": 3.791428891977844e-05,
        "ENTROPY_COEF_INIT": 0.08891927482581331,
        "ENTROPY_COEF_DECAY": 0.9949621963910102,
        "GAMMA": 0.986445728863835,
        "LAMBDA": 0.9511486987754048,
        "KL_DIV_THRESHOLD": 0.0023134805966848414,
        "BATCH_SIZE": 256,
        "CLIP_RATIO": 0.21004092580458533,
        "ENTROPY_COEF": 0.006303312260672423,
        "VALUE_LOSS_COEF": 0.740740101129968,
        "UPDATE_EPOCHS": 6,
        "MAX_GRAD_NORM": 0.1659579113840668
    },
    "reward": 117.092,
    "trial": 2,
    "episodes_to_best": 297
}