{
    "params": {
        "ACTOR_LR": 2.6923935282402706e-05,
        "CRITIC_LR": 0.000159068453698526,
        "ENTROPY_COEF_INIT": 0.09494511229596402,
        "ENTROPY_COEF_DECAY": 0.9932923832021989,
        "GAMMA": 0.9854740905129258,
        "LAMBDA": 0.9292816145564334,
        "KL_DIV_THRESHOLD": 0.0020189861293683628,
        "BATCH_SIZE": 256,
        "CLIP_RATIO": 0.11070894051852216,
        "ENTROPY_COEF": 0.0016315885089805652,
        "VALUE_LOSS_COEF": 0.6772062368223888,
        "UPDATE_EPOCHS": 6,
        "MAX_GRAD_NORM": 0.1351714787680952
    },
    "reward": 91.59,
    "trial": 6
}