{
    "params": {
        "ACTOR_LR": 2.2986079912656787e-05,
        "CRITIC_LR": 0.0009360362674612777,
        "ENTROPY_COEF_INIT": 0.09639558856697672,
        "ENTROPY_COEF_DECAY": 0.9901377060544652,
        "GAMMA": 0.9840090599510114,
        "LAMBDA": 0.9887202914510668,
        "KL_DIV_THRESHOLD": 0.0012673142569032073,
        "BATCH_SIZE": 512,
        "CLIP_RATIO": 0.16163866095083748,
        "ENTROPY_COEF": 0.0020918090434404223,
        "VALUE_LOSS_COEF": 0.5242667537574887,
        "UPDATE_EPOCHS": 8,
        "MAX_GRAD_NORM": 0.38210943878117454
    },
    "reward": 125.12,
    "trial": 14,
    "episodes_to_best": 47
}