{
    "params": {
        "ACTOR_LR": 0.00011970106350477454,
        "CRITIC_LR": 0.000189868451832248,
        "ENTROPY_COEF_INIT": 0.018074699914867723,
        "ENTROPY_COEF_DECAY": 0.9922121513998712,
        "GAMMA": 0.9846138727394474,
        "LAMBDA": 0.9301300792056363,
        "KL_DIV_THRESHOLD": 0.004014138379899777,
        "BATCH_SIZE": 1024,
        "CLIP_RATIO": 0.22380834721354365,
        "ENTROPY_COEF": 0.005643016046741125,
        "VALUE_LOSS_COEF": 0.545586880803538,
        "UPDATE_EPOCHS": 9,
        "MAX_GRAD_NORM": 0.34809561313653004
    },
    "reward": 304.876,
    "trial": 3,
    "episodes_to_best": 167
}