{
    "params": {
        "ACTOR_LR": 0.0006091279581431663,
        "CRITIC_LR": 0.0002481710863728338,
        "ENTROPY_COEF_INIT": 0.06401797847436015,
        "ENTROPY_COEF_DECAY": 0.9967360123520892,
        "GAMMA": 0.9846397080177849,
        "LAMBDA": 0.961121649865678,
        "KL_DIV_THRESHOLD": 0.0017961502515770151,
        "BATCH_SIZE": 1024,
        "CLIP_RATIO": 0.12194915755422642,
        "ENTROPY_COEF": 0.008965983950496074,
        "VALUE_LOSS_COEF": 0.6176845420873227,
        "UPDATE_EPOCHS": 5,
        "MAX_GRAD_NORM": 0.11871834412020221
    },
    "reward": 24.95,
    "trial": 1,
    "episodes_to_best": 25
}