{
    "params": {
        "ACTOR_LR": 2.503056580175186e-05,
        "CRITIC_LR": 0.00037504228475521373,
        "ENTROPY_COEF_INIT": 0.052267795987217515,
        "ENTROPY_COEF_DECAY": 0.9945227852703328,
        "GAMMA": 0.9985979505785807,
        "LAMBDA": 0.9336628684798127,
        "KL_DIV_THRESHOLD": 0.006734140582917336,
        "BATCH_SIZE": 512,
        "CLIP_RATIO": 0.10314101326563556,
        "ENTROPY_COEF": 0.0013127639635113495,
        "VALUE_LOSS_COEF": 0.682176724818639,
        "UPDATE_EPOCHS": 10,
        "MAX_GRAD_NORM": 0.33952984108959017
    },
    "reward": 307.764,
    "trial": 11,
    "episodes_to_best": 77
}