{
    "params": {
        "ACTOR_LR": 0.0001831886588101487,
        "CRITIC_LR": 1.696190532665379e-05,
        "ENTROPY_COEF_INIT": 0.09282244955274876,
        "ENTROPY_COEF_DECAY": 0.9903635818520244,
        "GAMMA": 0.991272837580591,
        "LAMBDA": 0.9214905282221241,
        "KL_DIV_THRESHOLD": 0.006519722402075197,
        "BATCH_SIZE": 1024,
        "CLIP_RATIO": 0.17547871233112405,
        "ENTROPY_COEF": 0.003838214913753429,
        "VALUE_LOSS_COEF": 0.598697451952112,
        "UPDATE_EPOCHS": 4,
        "MAX_GRAD_NORM": 0.17555964406441601
    },
    "reward": 132.424,
    "trial": 1,
    "episodes_to_best": 93
}