{
    "params": {
        "ACTOR_LR": 1.5954259254203155e-05,
        "CRITIC_LR": 0.000807886810055484,
        "ENTROPY_COEF_INIT": 0.011467116403808791,
        "ENTROPY_COEF_DECAY": 0.998458976796475,
        "GAMMA": 0.9805803080509324,
        "LAMBDA": 0.9052643776265284,
        "KL_DIV_THRESHOLD": 0.007319488713443,
        "BATCH_SIZE": 1024,
        "CLIP_RATIO": 0.1694947525064006,
        "ENTROPY_COEF": 0.009615417679167935,
        "VALUE_LOSS_COEF": 0.6350703573132014,
        "UPDATE_EPOCHS": 10,
        "MAX_GRAD_NORM": 0.39354708493339047
    },
    "reward": 342.354,
    "trial": 11
}