{
    "params": {
        "ACTOR_LR": 0.0005050577167694818,
        "CRITIC_LR": 2.4744172919968884e-05,
        "ENTROPY_COEF_INIT": 0.014006722910311988,
        "ENTROPY_COEF_DECAY": 0.9947796257526708,
        "GAMMA": 0.9881067184382332,
        "LAMBDA": 0.9326580537826062,
        "KL_DIV_THRESHOLD": 0.0035420534826997897,
        "BATCH_SIZE": 1024,
        "CLIP_RATIO": 0.28345134824955265,
        "ENTROPY_COEF": 0.0024852795801083207,
        "VALUE_LOSS_COEF": 0.6457035115258225,
        "UPDATE_EPOCHS": 9,
        "MAX_GRAD_NORM": 0.17401217272163405
    },
    "reward": -Infinity,
    "trial": 0
}