{
    "params": {
        "ACTOR_LR": 2.1381815701236446e-05,
        "CRITIC_LR": 0.0003760261081818253,
        "ENTROPY_COEF_INIT": 0.07611843366923275,
        "ENTROPY_COEF_DECAY": 0.9933042656274763,
        "GAMMA": 0.9964230601892095,
        "LAMBDA": 0.9439976556367689,
        "KL_DIV_THRESHOLD": 0.0012500326765080508,
        "BATCH_SIZE": 512,
        "CLIP_RATIO": 0.19891197631604052,
        "ENTROPY_COEF": 0.008928471890506984,
        "VALUE_LOSS_COEF": 0.5948864992998119,
        "UPDATE_EPOCHS": 8,
        "MAX_GRAD_NORM": 0.46533957568676626
    },
    "reward": 136.51,
    "trial": 14
}