{
    "params": {
        "ACTOR_LR": 0.0001325260649377082,
        "CRITIC_LR": 0.0009998244614709505,
        "ENTROPY_COEF_INIT": 0.066086928038939,
        "ENTROPY_COEF_DECAY": 0.9909438767615342,
        "GAMMA": 0.9888089068966273,
        "LAMBDA": 0.9290841896842622,
        "KL_DIV_THRESHOLD": 0.006301857043142506,
        "BATCH_SIZE": 1024,
        "CLIP_RATIO": 0.16721460082543177,
        "ENTROPY_COEF": 0.006082513036982776,
        "VALUE_LOSS_COEF": 0.7395808051239905,
        "UPDATE_EPOCHS": 8,
        "MAX_GRAD_NORM": 0.24959390487137015
    },
    "reward": 138.05,
    "trial": 7
}