{
    "params": {
        "ACTOR_LR": 7.530028614472101e-05,
        "CRITIC_LR": 2.7429233183550253e-05,
        "ENTROPY_COEF_INIT": 0.08782496119383174,
        "ENTROPY_COEF_DECAY": 0.9971248547533964,
        "GAMMA": 0.9960545611673943,
        "LAMBDA": 0.9605979629286667,
        "KL_DIV_THRESHOLD": 0.006614402540412907,
        "BATCH_SIZE": 256,
        "CLIP_RATIO": 0.12931972848514076,
        "ENTROPY_COEF": 0.003034688959643105,
        "VALUE_LOSS_COEF": 0.684455968220959,
        "UPDATE_EPOCHS": 10,
        "MAX_GRAD_NORM": 0.38286455906665784
    },
    "reward": 64.61,
    "trial": 4
}